ner_prec_micro;ner_rec_micro;ner_f1_micro;ner_prec_macro;ner_rec_macro;ner_f1_macro;rel_prec_micro;rel_rec_micro;rel_f1_micro;rel_prec_macro;rel_rec_macro;rel_f1_macro;rel_ner_prec_micro;rel_ner_rec_micro;rel_ner_f1_micro;rel_ner_prec_macro;rel_ner_rec_macro;rel_ner_f1_macro;loss;epoch;iteration;global_iteration
81.67381974248927;84.54020435362062;83.08229644182494;79.42958595093737;82.61186687333111;80.85308384335977;55.548128342245995;68.5078318219291;61.35105204872647;52.063740045993946;65.65347549855032;57.26530343187588;54.41176470588235;67.10634789777411;60.095976375046135;50.840490647934246;64.17910419611147;55.93191853640032;[30.073129653930664, 57.30267333984375, 87.37580108642578];0;0;0
